name,category,address,latitude,longitude,distance_miles,direction,distance_label,rating,source,notes
[Subject] Pacific & Pinson - Forney,Subject Property,,32.7511104,-96.4734864,0,N/A,Subject Property,,Vaulter Project Master,
Botanica Flor De Jerico,Retail & Big Box,"202 West Pacific Street, Forney",32.7508054,-96.47282849999999,0.04,ESE,ESE - 0.04 mi,4.7,Google Places,"home_goods_store, health, store, point_of_interest, establishment"
The Home Decor Company Texas,Retail & Big Box,"406 Pinson Road Suite b, Forney",32.7522796,-96.4717549,0.13,NE,NE - 0.13 mi,4.8,Google Places,"home_goods_store, store, point_of_interest, establishment"
"Birdman Kustom Electronics, LLC",Technology & Innovation,"205 West Broad Street, Forney",32.750125,-96.471572,0.13,ESE,ESE - 0.13 mi,4.9,Google Places,"electronics_store, store, point_of_interest, establishment"
Forney City Hall,Government & Civic,"401 Pinson Road, Forney",32.7527874,-96.472116,0.14,NE,NE - 0.14 mi,5,Google Places,"local_government_office, point_of_interest, establishment"
Pizza Grand,Restaurant & QSR,"420 Pinson Road, Forney",32.7528804,-96.4709737,0.19,NE,NE - 0.19 mi,4.3,Google Places,"restaurant, food, point_of_interest, establishment"
Dollar General,Gas & Convenience,"410 West Broad Street, Forney",32.7536571,-96.47228249999999,0.19,NNE,NNE - 0.19 mi,3.8,Google Places,"drugstore, convenience_store, grocery_or_supermarket, food, health, store, point_of_interest, establishment"
Kasti Trucking Llc,Industrial & Logistics,"110 West Broad Street, Forney",32.7497438,-96.47045759999999,0.2,ESE,ESE - 0.2 mi,1,Google Places,"moving_company, point_of_interest, establishment"
Caboose Park,Parks & Recreation,"94 South Bois D'Arc Street, Forney",32.7487788,-96.4713137,0.2,SE,SE - 0.2 mi,,Google Places,"park, point_of_interest, establishment"
Handprints Academy,School & University,"412 West Broad Street, Forney",32.7540523,-96.4728399,0.21,N,N - 0.21 mi,4.5,Google Places,"primary_school, school, point_of_interest, establishment"
The Pearl of Dauphin Island - Apartment with Sea View,Hospitality,United States,32.7481918,-96.4719315,0.22,SSE,SSE - 0.22 mi,,Google Places,"lodging, point_of_interest, establishment"
Sister House,Hospitality,Forney,32.7481845,-96.4719312,0.22,SSE,SSE - 0.22 mi,5,Google Places,"lodging, point_of_interest, establishment"
Mesquite Logistics Stream Realty,Industrial & Logistics,"112 South Bois D'Arc Street, Forney",32.7481845,-96.4719312,0.22,SSE,SSE - 0.22 mi,5,Google Places,"storage, point_of_interest, establishment"
Cicis Pizza To Go,Restaurant & QSR,"100 West Broad Street Suite 200, Forney",32.7494567,-96.4702839,0.22,ESE,ESE - 0.22 mi,4,Google Places,"meal_takeaway, meal_delivery, restaurant, food, point_of_interest, establishment"
Roxstar Eatz N Treatz,Restaurant & QSR,"Come to my Place, 1234, Forney",32.7481845,-96.4719312,0.22,SSE,SSE - 0.22 mi,,Google Places,"meal_takeaway, restaurant, food, point_of_interest, establishment"
Hamblen park,Parks & Recreation,"94 South Bois D'Arc Street, Forney",32.748494,-96.47100089999999,0.23,SE,SE - 0.23 mi,,Google Places,"park, point_of_interest, establishment"
First Methodist Forney Preschool,School & University,"414 West Broad Street, Forney",32.754563,-96.4734484,0.24,N,N - 0.24 mi,5,Google Places,"school, point_of_interest, establishment"
Donut Palace,Restaurant & QSR,"425 Pinson Road D, Forney",32.7539599,-96.47109590000001,0.24,NE,NE - 0.24 mi,4.6,Google Places,"bakery, food, store, point_of_interest, establishment"
Jack Rabbit Quick Stop,Gas & Convenience,"100 East Broad Street, Forney",32.74873819999999,-96.47052769999999,0.24,SE,SE - 0.24 mi,3.8,Google Places,"convenience_store, gas_station, store, food, point_of_interest, establishment"
Record Nations,Industrial & Logistics,"425 Pinson Road Suite M, Forney",32.75406570000001,-96.4710709,0.25,NE,NE - 0.25 mi,,Google Places,"storage, store, point_of_interest, establishment"
"GT III LOGISTICS, LLC",Industrial & Logistics,"425 Pinson Road Suite M-39, Forney",32.7541564,-96.4711167,0.25,NNE,NNE - 0.25 mi,,Google Places,"moving_company, point_of_interest, establishment"
After the Reign,School & University,"425 Pinson Road Suite M, #2062, Forney",32.75406570000001,-96.4710709,0.25,NE,NE - 0.25 mi,,Google Places,"university, point_of_interest, establishment"
Forney City Hall Annex (Community Development/Engineering),Government & Civic,"101 East Main Street, Forney",32.7479224,-96.47161249999999,0.25,SSE,SSE - 0.25 mi,3.6,Google Places,"local_government_office, point_of_interest, establishment"
Assented Blessings,Government & Civic,"425 Pinson Road Ste. M PMB 1087, Forney",32.7541564,-96.4711167,0.25,NNE,NNE - 0.25 mi,,Google Places,"post_office, finance, point_of_interest, establishment"
Forney Donut Shop,Restaurant & QSR,"201 South Bois D'Arc Street, Forney",32.7476764,-96.471989,0.25,SSE,SSE - 0.25 mi,4.6,Google Places,"bakery, food, store, point_of_interest, establishment"
City Bank ATM,Financial Services,"102 East Main Street, Forney",32.7477276,-96.47201299999999,0.25,SSE,SSE - 0.25 mi,,Google Places,"atm, finance, point_of_interest, establishment"
Bell Park,Parks & Recreation,"West Trinity Street, Forney",32.7475418,-96.47258869999999,0.25,SSE,SSE - 0.25 mi,4.9,Google Places,"park, point_of_interest, establishment"
Eno's Pizza Tavern,Restaurant & QSR,"215 South Bois D'Arc Street, Forney",32.7474334,-96.47235979999999,0.26,SSE,SSE - 0.26 mi,4.4,Google Places,"restaurant, food, point_of_interest, establishment"
Latham Bakery,Restaurant & QSR,"106 East Main Street, Forney",32.74751630000001,-96.47191269999999,0.26,SSE,SSE - 0.26 mi,4.6,Google Places,"bakery, restaurant, food, store, point_of_interest, establishment"
Trinity Street Guesthouse,Hospitality,United States,32.7512703,-96.47815709999999,0.27,W,W - 0.27 mi,,Google Places,"lodging, point_of_interest, establishment"
United States Postal Service,Government & Civic,"102 East Broad Street, Forney",32.74901799999999,-96.4696208,0.27,ESE,ESE - 0.27 mi,2.3,Google Places,"post_office, finance, point_of_interest, establishment"
Taylor Mail Center,Government & Civic,"425 Pinson Road Suite M, Forney",32.7543136,-96.47084129999999,0.27,NE,NE - 0.27 mi,4.9,Google Places,"post_office, store, finance, point_of_interest, establishment"
Dunkin Academy Preschool,School & University,"518 Pinson Road, Forney",32.753847,-96.46970499999999,0.29,NE,NE - 0.29 mi,4.2,Google Places,"school, point_of_interest, establishment"
Forney Fire Department,Government & Civic,"104 East Aimee Street, Forney",32.7493626,-96.46870179999999,0.3,ESE,ESE - 0.3 mi,5,Google Places,"fire_station, point_of_interest, establishment"
Forney Learning Academy,School & University,"309 South Bois D'Arc Street, Forney",32.746674,-96.4725011,0.31,S,S - 0.31 mi,,Google Places,"primary_school, school, point_of_interest, establishment"
Brookshire's Pharmacy,Healthcare,"427 Pinson Road, Forney",32.7550273,-96.4704089,0.32,NNE,NNE - 0.32 mi,3.4,Google Places,"pharmacy, health, store, point_of_interest, establishment"
Walgreens Pharmacy,Healthcare,"427 Pinson Road, Forney",32.7550273,-96.4704089,0.32,NNE,NNE - 0.32 mi,3.3,Google Places,"pharmacy, health, store, point_of_interest, establishment"
Cardtronics ATM,Financial Services,"427 Pinson Road #100, Forney",32.7550273,-96.4704089,0.32,NNE,NNE - 0.32 mi,,Google Places,"atm, finance, point_of_interest, establishment"
Kaufman County Constable's Office Pct 2,Government & Civic,"200 East Main Street, Forney",32.746773,-96.47126899999999,0.33,SSE,SSE - 0.33 mi,2.3,Google Places,"local_government_office, point_of_interest, establishment"
Kaufman County Justice of the Peace,Government & Civic,"200 East Main Street, Forney",32.746773,-96.47126899999999,0.33,SSE,SSE - 0.33 mi,1,Google Places,"local_government_office, point_of_interest, establishment"
Forney Sub Courthouse,Government & Civic,"200 East Main Street, Forney",32.746678,-96.4713665,0.33,SSE,SSE - 0.33 mi,3.8,Google Places,"courthouse, point_of_interest, establishment"
Xeric Garden Kaufman County,Parks & Recreation,"200 East Main Street, Forney",32.74667789999999,-96.4713665,0.33,SSE,SSE - 0.33 mi,5,Google Places,"park, point_of_interest, establishment"
Soulman's Bar-B-Que,Restaurant & QSR,"590 Pinson Road, Forney",32.754495,-96.46892799999999,0.35,NE,NE - 0.35 mi,4.3,Google Places,"restaurant, food, point_of_interest, establishment"
Exxon,Gas & Convenience,"431 Pinson Avenue, Forney",32.7547869,-96.4694336,0.35,NE,NE - 0.35 mi,4,Google Places,"gas_station, point_of_interest, establishment"
Scottish Inns & Suites Forney/East Dallas,Retail & Big Box,"103 West US Highway 80, Forney",32.755316,-96.469589,0.37,NE,NE - 0.37 mi,3.6,Google Places,"lodging, point_of_interest, establishment"
Forney Storage,Industrial & Logistics,"591 Pinson Road, Forney",32.75400150000001,-96.4681605,0.37,ENE,ENE - 0.37 mi,,Google Places,"storage, point_of_interest, establishment"
US-80,Transportation & Infrastructure,84 businesses on this road within radius,32.7511104,-96.4734864,0.37,N/A,~0.37 mi (nearest business on road),,Derived from Google Places addresses,US Highway
Addison Coffee Roasters - Forney,Restaurant & QSR,"309E East Main Street, Forney",32.7462428,-96.4697121,0.4,SSE,SSE - 0.4 mi,4.7,Google Places,"cafe, store, food, point_of_interest, establishment"
Tacos el cheve,Restaurant & QSR,"QG29+P5, Forney",32.751783,-96.4821096,0.5,W,W - 0.5 mi,5,Google Places,"bakery, food, store, point_of_interest, establishment"
Bank of America (with Drive-thru ATM),Financial Services,"100 West US Highway 80, Forney",32.7572624,-96.4686742,0.51,NNE,NNE - 0.51 mi,2.3,Google Places,"bank, finance, point_of_interest, establishment"
Bank of America ATM (Drive-thru),Financial Services,"100 West US Highway 80, Forney",32.7572624,-96.4686742,0.51,NNE,NNE - 0.51 mi,1.4,Google Places,"atm, finance, point_of_interest, establishment"
Fit Movement,School & University,"127 East US Highway 80, Forney",32.75281409999999,-96.4647882,0.52,ENE,ENE - 0.52 mi,5,Google Places,"school, point_of_interest, establishment"
7-Eleven,Restaurant & QSR,"100A East US Highway 80, Forney",32.75648599999999,-96.46642299999999,0.55,NE,NE - 0.55 mi,3.8,Google Places,"convenience_store, liquor_store, cafe, restaurant, food, store, point_of_interest, establishment"
McDonald's,Restaurant & QSR,"102 East US Highway 80, Forney",32.755812,-96.465946,0.55,NE,NE - 0.55 mi,3.3,Google Places,"cafe, store, restaurant, food, point_of_interest, establishment"
7-Eleven Fuel,Gas & Convenience,"100A East US Highway 80, Forney",32.75648599999999,-96.466422,0.55,NE,NE - 0.55 mi,,Google Places,"gas_station, point_of_interest, establishment"
ATM,Financial Services,"104 East US Highway 80 #120, Forney",32.7556867,-96.4652878,0.57,ENE,ENE - 0.57 mi,1,Google Places,"atm, finance, point_of_interest, establishment"
Walk to Dtwn Forney: 'gigi's Place' w/ Fire Pit,Hospitality,United States,32.7429123,-96.4757996,0.58,SSW,SSW - 0.58 mi,,Google Places,"lodging, point_of_interest, establishment"
"Mayo Chiropractic Care, Dr. Monique Mayo",Healthcare,"104 East US Highway 80 Suite 170, Forney",32.7557122,-96.4652109,0.58,ENE,ENE - 0.58 mi,5,Google Places,"physiotherapist, doctor, health, point_of_interest, establishment"
Taco Bell,Restaurant & QSR,"748 Pinson Road, Forney",32.7567526,-96.4660066,0.58,NE,NE - 0.58 mi,3.8,Google Places,"meal_takeaway, restaurant, food, point_of_interest, establishment"
Forney Family Dentistry & Orthodontics,Retail & Big Box,"108 East US Highway 80 Suite 190, Forney",32.7552839,-96.46454419999999,0.59,ENE,ENE - 0.59 mi,4.5,Google Places,"dentist, health, point_of_interest, establishment"
Cardinal Pain Center PA - Dr. Vijay Arvind,Retail & Big Box,"490 East US Highway 80 Suite 200, Heathridge",32.7527417,-96.4634767,0.59,E,E - 0.59 mi,4.7,Google Places,"doctor, health, point_of_interest, establishment"
Applebee's Grill + Bar,Restaurant & QSR,"114 West US Highway 80, Forney",32.754873,-96.46439199999999,0.59,ENE,ENE - 0.59 mi,4.2,Google Places,"restaurant, bar, food, point_of_interest, establishment"
Shell,Gas & Convenience,"120 U.S. 80, Forney",32.754323,-96.464165,0.59,ENE,ENE - 0.59 mi,3.1,Google Places,"gas_station, point_of_interest, establishment"
H&R Block,Retail & Big Box,"108 East US Highway 80 #120, Forney",32.7554618,-96.4645384,0.6,ENE,ENE - 0.6 mi,4.7,Google Places,"accounting, finance, point_of_interest, establishment"
RockItCoin Bitcoin ATM,Financial Services,"120 U.S. 80, Forney",32.7544328,-96.46389579999999,0.6,ENE,ENE - 0.6 mi,,Google Places,"atm, finance, point_of_interest, establishment"
Waffle House,Restaurant & QSR,"760 Pinson Road, Forney",32.7569439,-96.4656483,0.61,NE,NE - 0.61 mi,4,Google Places,"meal_takeaway, restaurant, food, point_of_interest, establishment"
Best Western Plus Christopher Inn & Suites,Retail & Big Box,"752 Pinson Road, Forney",32.75658499999999,-96.46506099999999,0.62,NE,NE - 0.62 mi,4.3,Google Places,"lodging, point_of_interest, establishment"
Rio Lerma Mexican Restaurant,Restaurant & QSR,"124 E US 80 Frontage Rd #100, Forney",32.7538889,-96.46333330000002,0.62,ENE,ENE - 0.62 mi,4.4,Google Places,"restaurant, food, point_of_interest, establishment"
"Texas Foot & Ankle Specialists, PLLC",Healthcare,"124 East US Highway 80 #104, Forney",32.75395200000001,-96.4631881,0.63,ENE,ENE - 0.63 mi,4.9,Google Places,"doctor, health, point_of_interest, establishment"
Chicken Express,Restaurant & QSR,"770 Pinson Road, Forney",32.757226,-96.4653562,0.63,NE,NE - 0.63 mi,3.3,Google Places,"restaurant, food, point_of_interest, establishment"
CEFCO Convenience Store,Restaurant & QSR,"899 Pinson Road, Forney",32.75801499999999,-96.4661205,0.64,NE,NE - 0.64 mi,3.3,Google Places,"convenience_store, liquor_store, atm, gas_station, meal_takeaway, cafe, restaurant, food, store, finance, point_of_interest, establishment"
Twill Furniture Suit 110,Retail & Big Box,"126 East US Highway 80, Forney",32.753629,-96.4627021,0.65,ENE,ENE - 0.65 mi,5,Google Places,"furniture_store, home_goods_store, store, point_of_interest, establishment"
Holiday Inn Express & Suites Forney by IHG,Hospitality,"110 U.S. 80, Forney",32.7556871,-96.4637963,0.65,ENE,ENE - 0.65 mi,3.9,Google Places,"gym, lodging, point_of_interest, health, establishment"
ATM (Food-Fast Convenience Store),Financial Services,"899 Pinson Road, Forney",32.75820479999999,-96.4660834,0.65,NE,NE - 0.65 mi,,Google Places,"atm, finance, point_of_interest, establishment"
Solid Rock Advanced Learning,School & University,"303 US, U.S. 80 B, Forney",32.7512494,-96.46201200000002,0.67,E,E - 0.67 mi,5,Google Places,"school, point_of_interest, establishment"
Forney Fence Supply,Retail & Big Box,"206 East US Highway 80, Forney",32.7528088,-96.46136489999999,0.71,E,E - 0.71 mi,4.8,Google Places,"furniture_store, home_goods_store, general_contractor, store, point_of_interest, establishment"
Forney ISD Administration Annex,School & University,"701 South Bois D'Arc Street, Forney",32.7411832,-96.47657129999999,0.71,SSW,SSW - 0.71 mi,,Google Places,"school, point_of_interest, establishment"
Summer Haven Mobile Home Park and RV,Hospitality,"650 Summerhaven Mobile Home Park, Forney",32.74865889999999,-96.46115379999999,0.74,ESE,ESE - 0.74 mi,3.2,Google Places,"rv_park, lodging, point_of_interest, establishment"
Family-Friendly 3 Bedroom/2 Bath Home - 25 Min to Dallas w/ Free EV Charging,Hospitality,United States,32.7593384,-96.46409600000001,0.79,NE,NE - 0.79 mi,,Google Places,"lodging, point_of_interest, establishment"
McKellar Park,Parks & Recreation,Forney,32.7411159,-96.4654163,0.83,SE,SE - 0.83 mi,,Google Places,"park, point_of_interest, establishment"
SecurCare Self Storage,Industrial & Logistics,"394 East US Highway 80, Forney",32.7503829,-96.45889840000001,0.85,E,E - 0.85 mi,4.8,Google Places,"storage, point_of_interest, establishment"
Warm & Spacious 4BR/3BA/4TV Home – Newly Renovated,Hospitality,United States,32.7388611,-96.4707336,0.86,S,S - 0.86 mi,,Google Places,"lodging, point_of_interest, establishment"
Eastside Park,Parks & Recreation,Forney,32.7428769,-96.4622344,0.87,SE,SE - 0.87 mi,4.8,Google Places,"park, point_of_interest, establishment"
Family-Friendly 3 Bedroom/2 Bath Home - 25 Min to Dallas w/ Free EV Charging,Hospitality,United States,32.76008220000001,-96.46252439999999,0.89,NE,NE - 0.89 mi,,Google Places,"lodging, point_of_interest, establishment"
Welcoming 4-bedroom house with AC in charming Forney,Hospitality,United States,32.7619476,-96.4646454,0.91,NE,NE - 0.91 mi,,Google Places,"lodging, point_of_interest, establishment"
Luxe Stay in Forney 4BR 2BA Gem,Hospitality,United States,32.7619552,-96.46463770000001,0.91,NE,NE - 0.91 mi,,Google Places,"lodging, point_of_interest, establishment"
Mulberry Park,Parks & Recreation,"751 South Bois D'Arc Street, Forney",32.7381616,-96.47739020000002,0.92,SSW,SSW - 0.92 mi,4.3,Google Places,"park, tourist_attraction, point_of_interest, establishment"
Automatic Maximum Fire Protection,Government & Civic,"308 Industrial Drive, Forney",32.7528353,-96.4573893,0.94,E,E - 0.94 mi,,Google Places,"fire_station, point_of_interest, establishment"
Schindler Carpet & Floors Design Center,Retail & Big Box,"16 Mustang Court, Forney",32.75021129999999,-96.4568396,0.97,E,E - 0.97 mi,4.4,Google Places,"furniture_store, home_goods_store, general_contractor, store, point_of_interest, establishment"
Skyline Park,Parks & Recreation,Forney,32.7649133,-96.4766729,0.97,N,N - 0.97 mi,,Google Places,"park, point_of_interest, establishment"
"J's Tint & Car Audio - Ceramic Coating, PPF, Car Wraps",Technology & Innovation,"28 Mustang Court, Forney",32.7500974,-96.45570629999999,1.04,E,E - 1.04 mi,4.9,Google Places,"electronics_store, car_repair, store, point_of_interest, establishment"
Royalty Floor & Decor,Retail & Big Box,"208 Industrial Drive, Forney",32.74998599999999,-96.4555029,1.05,E,E - 1.05 mi,5,Google Places,"home_goods_store, store, point_of_interest, establishment"
SQS Hardware,Retail & Big Box,"211 Industrial Drive, Forney",32.7526544,-96.4554009,1.06,E,E - 1.06 mi,,Google Places,"hardware_store, point_of_interest, store, establishment"
Linelle Warren Middle School,School & University,"805 South Bois D'Arc Street, Forney",32.736021,-96.4783566,1.08,SSW,SSW - 1.08 mi,,Google Places,"school, point_of_interest, establishment"
Mustang Creek Park,Parks & Recreation,"400 Longhorn Lane, Forney",32.7560803,-96.45578619999999,1.08,ENE,ENE - 1.08 mi,3.8,Google Places,"park, point_of_interest, establishment"
TownePlace Suites by Marriott Forney,Hospitality,"503 East US Highway 80, Forney",32.74470299999999,-96.45611699999999,1.1,ESE,ESE - 1.1 mi,4.4,Google Places,"lodging, point_of_interest, establishment"
Jones Intermediate School,School & University,"811 South Bois D'Arc Street, Forney",32.7363341,-96.4803191,1.1,SSW,SSW - 1.1 mi,,Google Places,"school, point_of_interest, establishment"
Cadence Academy Preschool,School & University,"929 College Avenue, Forney",32.7361529,-96.4667905,1.1,SSE,SSE - 1.1 mi,4.3,Google Places,"school, point_of_interest, establishment"
Bubba Bear’s School,School & University,"929 College Avenue, Forney",32.7361529,-96.4667905,1.1,SSE,SSE - 1.1 mi,1,Google Places,"school, point_of_interest, establishment"
Cookies By Jessica,Restaurant & QSR,"100 Greenfield Trail, Forney",32.7350815,-96.47333549999999,1.11,S,S - 1.11 mi,,Google Places,"bakery, food, store, point_of_interest, establishment"
Warren Middle School,School & University,"308 Chinaberry Trail, Forney",32.73519,-96.4782741,1.13,SSW,SSW - 1.13 mi,,Google Places,"school, point_of_interest, establishment"
Public Storage,Industrial & Logistics,"275 Regal Drive, Forney",32.74209859999999,-96.4568487,1.15,ESE,ESE - 1.15 mi,4.8,Google Places,"storage, store, point_of_interest, establishment"
Jackrabbit Stadium,Sports & Entertainment,"751 South Bois D'Arc Street, Forney",32.7353016,-96.4804283,1.16,SSW,SSW - 1.16 mi,4.3,Google Places,"stadium, point_of_interest, establishment"
Higher Grounds Coffee Shop,Restaurant & QSR,"1003 College Street, Forney",32.7353674,-96.4652684,1.19,SSE,SSE - 1.19 mi,4.8,Google Places,"cafe, store, food, point_of_interest, establishment"
Buffalo Wild Wings,Restaurant & QSR,"518 W. Us Highway 80 Frontage, Building B, Forney",32.7465038,-96.45342219999999,1.21,ESE,ESE - 1.21 mi,3.2,Google Places,"meal_takeaway, bar, restaurant, food, point_of_interest, establishment"
Outback Steakhouse,Restaurant & QSR,"560 West US Highway 80 Frontage, Forney",32.7461377,-96.45334899999999,1.22,ESE,ESE - 1.22 mi,4.5,Google Places,"meal_takeaway, bar, restaurant, food, point_of_interest, establishment"
Lakepoint Hospital Forney Texas,Healthcare,"763 U.S. 80 suit 280 a, Forney",32.7453435,-96.4532631,1.24,ESE,ESE - 1.24 mi,,Google Places,"hospital, health, point_of_interest, establishment"
First Baptist Church Forney,School & University,"1003 College Street, Forney",32.7348696,-96.46454450000002,1.24,SSE,SSE - 1.24 mi,4.7,Google Places,"church, place_of_worship, school, point_of_interest, health, establishment"
Neighbor Monthly Parking,Industrial & Logistics,"300 Trailhouse Lane, Forney",32.7521989,-96.45200829999999,1.25,E,E - 1.25 mi,5,Google Places,"storage, point_of_interest, establishment"
Arka Montessori of Forney,School & University,"1340 Pinson Road, Forney",32.7638268,-96.45802839999999,1.26,NE,NE - 1.26 mi,4.1,Google Places,"school, point_of_interest, establishment"
American National Bank of Texas,Financial Services,"104 Regal Drive, Forney",32.7442219,-96.4533447,1.26,ESE,ESE - 1.26 mi,3.1,Google Places,"bank, finance, point_of_interest, establishment"
American National Bank of Texas - ATM,Financial Services,"104 Regal Drive, Forney",32.74423649999999,-96.4533407,1.26,ESE,ESE - 1.26 mi,1,Google Places,"atm, finance, point_of_interest, establishment"
Forney Community Park,Retail & Big Box,"241 South Farm to Market 548, Forney",32.73886509999999,-96.4565264,1.3,SE,SE - 1.3 mi,4.7,Google Places,"park, tourist_attraction, point_of_interest, establishment"
Criswell Elementary School,School & University,"401 Farm to Market Road 740, Forney",32.7653396,-96.4588505,1.3,NE,NE - 1.3 mi,,Google Places,"primary_school, school, point_of_interest, establishment"
FM 740,Transportation & Infrastructure,3 businesses on this road within radius,32.7511104,-96.4734864,1.3,N/A,~1.3 mi (nearest business on road),,Derived from Google Places addresses,Farm to Market Road
Kohl's,Retail & Big Box,"182 Trailhouse Lane, Forney",32.7471215,-96.45119179999999,1.32,ESE,ESE - 1.32 mi,4.2,Google Places,"department_store, point_of_interest, store, establishment"
Heritage Hill Park,Parks & Recreation,"Heritage Hill Drive, Forney",32.767241,-96.4611829,1.32,NNE,NNE - 1.32 mi,4.5,Google Places,"park, tourist_attraction, point_of_interest, establishment"
Pleasant house in Forney Tx - Two-Bedroom House,Hospitality,United States,32.7663307,-96.45945739999999,1.33,NE,NE - 1.33 mi,,Google Places,"lodging, point_of_interest, establishment"
Claybon Elementary School,School & University,"1011 Farm to Market Road 741, Forney",32.7330319,-96.4654249,1.33,SSE,SSE - 1.33 mi,,Google Places,"primary_school, school, point_of_interest, establishment"
FM 741,Transportation & Infrastructure,4 businesses on this road within radius,32.7511104,-96.4734864,1.33,N/A,~1.33 mi (nearest business on road),,Derived from Google Places addresses,Farm to Market Road
Modern Apartment in Prime Location ID9550X82 - Two-Bedroom Apartment,Hospitality,United States,32.7501183,-96.45037839999999,1.34,E,E - 1.34 mi,,Google Places,"lodging, point_of_interest, establishment"
Baylor Scott & White Emergency Center - Forney,Healthcare,"757 East US Highway 80 #150, Forney",32.7423249,-96.45287929999999,1.34,ESE,ESE - 1.34 mi,2.6,Google Places,"doctor, health, point_of_interest, establishment"
"Antonio Barksdale, MD",Healthcare,"757 East US Highway 80 Suite 180, Forney",32.7423339,-96.45288529999999,1.34,ESE,ESE - 1.34 mi,4.6,Google Places,"doctor, health, point_of_interest, establishment"
Texas Health Family Care,Healthcare,"757 East US Highway 80 Suite 180, Forney",32.7423339,-96.45288529999999,1.34,ESE,ESE - 1.34 mi,4.7,Google Places,"doctor, health, point_of_interest, establishment"
Panera Bread,Restaurant & QSR,"680 East US Highway 80, Forney",32.7450872,-96.45161519999999,1.34,ESE,ESE - 1.34 mi,3.8,Google Places,"cafe, meal_takeaway, bakery, store, restaurant, food, point_of_interest, establishment"
Spacious Forney Home Rental with Game Room! - Holiday Home,Hospitality,United States,32.7538986,-96.45053100000001,1.35,E,E - 1.35 mi,,Google Places,"lodging, point_of_interest, establishment"
Spacious Forney Home Rental w/ Game Room!,Hospitality,United States,32.7539063,-96.45053100000001,1.35,E,E - 1.35 mi,,Google Places,"lodging, point_of_interest, establishment"
Forney Medical Plaza,Healthcare,"763 U.S. 80 Frontage Road, Forney",32.74275730000001,-96.4524799,1.35,ESE,ESE - 1.35 mi,,Google Places,"hospital, health, point_of_interest, establishment"
Baylor Scott and white,Healthcare,"763 East US Highway 80 Suite 130, Forney",32.7426073,-96.45249609999999,1.35,ESE,ESE - 1.35 mi,,Google Places,"hospital, health, point_of_interest, establishment"
"Lake Pointe Women's Center, PA",Healthcare,"763 U.S. 80 Suite 130, Forney",32.74261419999999,-96.45249179999999,1.35,ESE,ESE - 1.35 mi,3.3,Google Places,"doctor, health, point_of_interest, establishment"
Baylor Scott & White Imaging Center - Forney,Healthcare,"763 East US Highway 80 Suite 120, Forney",32.7427844,-96.4523954,1.35,ESE,ESE - 1.35 mi,3.3,Google Places,"doctor, health, point_of_interest, establishment"
"Dr. Gregory Young, Otolaryngologist",Healthcare,"763 East US Highway 80 #230, Forney",32.7426028,-96.4525997,1.35,ESE,ESE - 1.35 mi,,Google Places,"doctor, health, point_of_interest, establishment"
Lakeside Allergy Ear Nose: West Jeffrey A MD,Healthcare,"763 East US Highway 80 # 230, Forney",32.7426028,-96.4525997,1.35,ESE,ESE - 1.35 mi,,Google Places,"doctor, health, point_of_interest, establishment"
Trails of Chesnut Measows Neighborhood Playgrouns,Parks & Recreation,"611 Chestnut Trail, Forney",32.7317324,-96.47055879999999,1.35,S,S - 1.35 mi,,Google Places,"park, point_of_interest, establishment"
Carvalho Alexandre B MD,Healthcare,"763 East US Highway 80, Forney",32.7424514,-96.452451,1.36,ESE,ESE - 1.36 mi,,Google Places,"doctor, health, point_of_interest, establishment"
Kenny iLoabachie MD,Healthcare,"763 East US Highway 80 #230, Forney",32.74260350000001,-96.4524245,1.36,ESE,ESE - 1.36 mi,4.5,Google Places,"doctor, health, store, point_of_interest, establishment"
"Jim George, MD",Healthcare,"763 East US Highway 80 #240, Forney",32.7427864,-96.4523239,1.36,ESE,ESE - 1.36 mi,4.5,Google Places,"doctor, health, point_of_interest, establishment"
"Julian Lee, MD",Healthcare,"763 East US Highway 80 #100, Forney",32.74260350000001,-96.4524245,1.36,ESE,ESE - 1.36 mi,4.7,Google Places,"doctor, health, point_of_interest, establishment"
Preferred Dermatology - Forney,Healthcare,"763 East US Highway 80 Suite 125, Building 1, Forney",32.7428894,-96.45223229999999,1.36,ESE,ESE - 1.36 mi,4.9,Google Places,"hair_care, beauty_salon, doctor, health, store, point_of_interest, establishment"
Donut D'Lite,Restaurant & QSR,"1102 Ranch Road #210, Forney",32.7650103,-96.45680519999999,1.36,NE,NE - 1.36 mi,4.3,Google Places,"bakery, food, store, point_of_interest, establishment"
Lakeside Allergy ENT: Forney,Healthcare,"763 East US Highway 80 #230, Forney",32.7425193,-96.4522933,1.37,ESE,ESE - 1.37 mi,2.8,Google Places,"doctor, health, point_of_interest, establishment"
SNOWFOX Sushi,Restaurant & QSR,"500 Marketplace Boulevard, Forney",32.7488838,-96.4501173,1.37,E,E - 1.37 mi,5,Google Places,"meal_takeaway, restaurant, food, point_of_interest, establishment"
Touchstone Imaging Forney,Healthcare,"215 Marketplace Boulevard, Forney",32.7457792,-96.4506657,1.38,ESE,ESE - 1.38 mi,5,Google Places,"hospital, health, point_of_interest, establishment"
Domino's Pizza,Restaurant & QSR,"1102 Ranch Road Ste 216 Ste 216, Forney",32.76513209999999,-96.4566668,1.38,NE,NE - 1.38 mi,3.6,Google Places,"meal_takeaway, meal_delivery, restaurant, food, point_of_interest, establishment"
Starbucks Coffee Company,Restaurant & QSR,"500 Marketplace Boulevard, Forney",32.7487,-96.44999,1.38,E,E - 1.38 mi,3.6,Google Places,"cafe, store, food, point_of_interest, establishment"
Bitcoin Depot - Bitcoin ATM,Financial Services,"1102 Ranch Road #216, Forney",32.76513209999999,-96.4566668,1.38,NE,NE - 1.38 mi,3,Google Places,"atm, finance, point_of_interest, establishment"
Tokyo Harbor,Restaurant & QSR,"724 East US Highway 80 #100, Forney",32.74445740000001,-96.45077119999999,1.4,ESE,ESE - 1.4 mi,4.2,Google Places,"restaurant, food, point_of_interest, establishment"
Kroger Pharmacy,Healthcare,"500 Marketplace Boulevard, Forney",32.74905340000001,-96.44941229999999,1.41,E,E - 1.41 mi,2.8,Google Places,"pharmacy, drugstore, health, store, point_of_interest, establishment"
Forney City Parks Department,Government & Civic,"241 South Farm to Market 548, Forney",32.7382089,-96.4546099,1.41,SE,SE - 1.41 mi,4,Google Places,"local_government_office, point_of_interest, establishment"
Jack in the Box,Restaurant & QSR,"769 East US Highway 80, Forney",32.7430078,-96.45124910000001,1.41,ESE,ESE - 1.41 mi,3.6,Google Places,"meal_delivery, restaurant, food, point_of_interest, establishment"
Coinstar Kiosk - Bitcoin ATM,Financial Services,"Kroger - Dallas, 500 Marketplace Boulevard, Forney",32.74908409999999,-96.4494144,1.41,E,E - 1.41 mi,4,Google Places,"atm, finance, point_of_interest, store, establishment"
Daylight Donuts,Restaurant & QSR,"724 East US Highway 80 #124, Forney",32.74432909999999,-96.4504927,1.42,ESE,ESE - 1.42 mi,4.8,Google Places,"bakery, food, store, point_of_interest, establishment"
Copeland Distribution Center,Industrial & Logistics,"13871 E US Hwy 80 Frontage Rd, Forney",32.7632884,-96.4932961,1.43,NW,NW - 1.43 mi,3.5,Google Places,"storage, point_of_interest, establishment"
easyvet Veterinarian Forney,Healthcare,"471 Marketplace Boulevard Suite 230, Forney",32.74694309999999,-96.449286,1.44,ESE,ESE - 1.44 mi,4.8,Google Places,"veterinary_care, pharmacy, health, store, point_of_interest, establishment"
Cristina's Fine Mexican Restaurant,Restaurant & QSR,"724 West US Highway 80, Forney",32.7441925,-96.4501346,1.44,ESE,ESE - 1.44 mi,4.1,Google Places,"restaurant, food, point_of_interest, establishment"
Tropical Smoothie Cafe,Restaurant & QSR,"471 Marketplace Boulevard Suite 240, Forney",32.746942,-96.44926099999999,1.44,ESE,ESE - 1.44 mi,3.5,Google Places,"cafe, restaurant, food, point_of_interest, establishment"
City Bank,Financial Services,"771 East US Highway 80 #100, Forney",32.74237100000001,-96.45096769999999,1.44,ESE,ESE - 1.44 mi,4,Google Places,"bank, atm, finance, point_of_interest, establishment"
City Bank ATM,Financial Services,"771 East US Highway 80, Forney",32.7422329,-96.4509877,1.44,ESE,ESE - 1.44 mi,3,Google Places,"atm, finance, point_of_interest, establishment"
Jersey Mike's Subs,Restaurant & QSR,"375 Farm to Market 548 #160, Forney",32.7452359,-96.44949009999999,1.45,ESE,ESE - 1.45 mi,4.2,Google Places,"meal_takeaway, store, restaurant, food, point_of_interest, establishment"
"Shilpi Mittal, MD",Healthcare,"375 Farm to Market 548 #100, Forney",32.7449947,-96.44947359999999,1.46,ESE,ESE - 1.46 mi,3.9,Google Places,"doctor, health, point_of_interest, establishment"
Care United Primary & Urgent care center,Healthcare,"375 Farm to Market 548 Suite 100, Forney",32.7450026,-96.4495243,1.46,ESE,ESE - 1.46 mi,4.2,Google Places,"doctor, health, point_of_interest, establishment"
Baylor Scott & White Outpatient Rehabilitation - Forney,Healthcare,"450 Farm to Market 548 #100, Forney",32.7458633,-96.44899579999999,1.47,ESE,ESE - 1.47 mi,4.5,Google Places,"physiotherapist, doctor, health, point_of_interest, establishment"
Welcoming 3-bedroom 2 bath home in charming Forney.,Hospitality,United States,32.7716713,-96.4660797,1.48,NNE,NNE - 1.48 mi,,Google Places,"lodging, point_of_interest, establishment"
CVS Photo,Retail & Big Box,"775 East US Highway 80, Forney",32.742146,-96.45021849999999,1.49,ESE,ESE - 1.49 mi,2.5,Google Places,"electronics_store, home_goods_store, store, point_of_interest, establishment"
NorthStar Container Rental,Industrial & Logistics,"750 East US Highway 80, Forney",32.7439499,-96.4493028,1.49,ESE,ESE - 1.49 mi,5,Google Places,"storage, point_of_interest, establishment"
CVS Pharmacy,Healthcare,"775 East US Highway 80, Forney",32.742146,-96.45021849999999,1.49,ESE,ESE - 1.49 mi,3.9,Google Places,"pharmacy, health, store, point_of_interest, establishment"
CVS,Gas & Convenience,"775 East US Highway 80, Forney",32.742146,-96.45021849999999,1.49,ESE,ESE - 1.49 mi,2.5,Google Places,"drugstore, convenience_store, clothing_store, food, health, store, point_of_interest, establishment"
LibertyX Bitcoin ATM,Financial Services,"775 East US Highway 80, Forney",32.742146,-96.45021849999999,1.49,ESE,ESE - 1.49 mi,,Google Places,"atm, finance, point_of_interest, establishment"
CVS ATM,Financial Services,"775 East US Highway 80, Forney",32.742146,-96.45021849999999,1.49,ESE,ESE - 1.49 mi,,Google Places,"atm, finance, point_of_interest, establishment"
Costco Pharmacy,Healthcare,"150 Farm to Market Road 460, Forney",32.7704448,-96.48512910000001,1.5,NNW,NNW - 1.5 mi,5,Google Places,"pharmacy, health, store, point_of_interest, establishment"
Cowboy Chicken,Restaurant & QSR,"780 East US Highway 80, Forney",32.7438481,-96.4491431,1.5,ESE,ESE - 1.5 mi,4,Google Places,"restaurant, food, point_of_interest, establishment"
Kroger Fuel Center,Gas & Convenience,"575 Marketplace Boulevard, Forney",32.7481494,-96.4479259,1.5,E,E - 1.5 mi,4.5,Google Places,"gas_station, point_of_interest, establishment"
FM 460,Transportation & Infrastructure,2 businesses on this road within radius,32.7511104,-96.4734864,1.5,N/A,~1.5 mi (nearest business on road),,Derived from Google Places addresses,Farm to Market Road
Walgreens,Retail & Big Box,"451 Farm to Market 548, Forney",32.7457928,-96.44827459999999,1.51,ESE,ESE - 1.51 mi,2.7,Google Places,"drugstore, convenience_store, clothing_store, food, health, store, point_of_interest, establishment"
Walgreens Photo,Technology & Innovation,"451 Farm to Market 548, Forney",32.7458023,-96.44824969999999,1.51,ESE,ESE - 1.51 mi,2.8,Google Places,"electronics_store, home_goods_store, store, point_of_interest, establishment"
Walgreens Pharmacy,Healthcare,"451 Farm to Market 548, Forney",32.7458514,-96.4482558,1.51,ESE,ESE - 1.51 mi,2.9,Google Places,"pharmacy, health, store, point_of_interest, establishment"
COVID-19 Drive-Thru Testing at Walgreens,Healthcare,"451 Farm to Market 548, Forney",32.7458041,-96.4482622,1.51,ESE,ESE - 1.51 mi,1,Google Places,"pharmacy, health, store, point_of_interest, establishment"
Mathnasium,School & University,"501 Farm to Market 548, Forney",32.7462855,-96.4480929,1.51,ESE,ESE - 1.51 mi,4.7,Google Places,"school, point_of_interest, establishment"
Sonic Drive-In,Restaurant & QSR,"503 North Highway 548, Forney",32.7467785,-96.4480753,1.51,ESE,ESE - 1.51 mi,3.9,Google Places,"meal_takeaway, restaurant, food, store, point_of_interest, establishment"
Papa Johns Pizza,Restaurant & QSR,"501 North Farm to Market 548 Ste 170, Forney",32.74637649999999,-96.4480909,1.51,ESE,ESE - 1.51 mi,2.6,Google Places,"restaurant, food, point_of_interest, establishment"
Walgreens ATM,Financial Services,"451 Farm to Market 548, Forney",32.7458041,-96.4482622,1.51,ESE,ESE - 1.51 mi,,Google Places,"atm, finance, point_of_interest, establishment"
LibertyX Bitcoin ATM,Financial Services,"Walgreens, 451 Farm to Market 548, Forney",32.7458018,-96.4482439,1.51,ESE,ESE - 1.51 mi,,Google Places,"atm, finance, point_of_interest, establishment"
City Plaza Forney,Retail & Big Box,"101 North Farm to Market 548, Forney",32.7421803,-96.4495525,1.52,ESE,ESE - 1.52 mi,4.7,Google Places,"shopping_mall, point_of_interest, establishment"
Chase Bank,Financial Services,"401 North Farm to Market 548, Forney",32.745052,-96.448256,1.52,ESE,ESE - 1.52 mi,2.5,Google Places,"bank, atm, finance, point_of_interest, establishment"
Chase ATM,Financial Services,"401 North Farm to Market 548, Forney",32.7450535,-96.4482704,1.52,ESE,ESE - 1.52 mi,3.5,Google Places,"atm, finance, point_of_interest, establishment"
Starbucks Coffee Company,Retail & Big Box,"351 Farm to Market 548, Forney",32.74443,-96.44843,1.53,ESE,ESE - 1.53 mi,3.9,Google Places,"cafe, restaurant, food, store, point_of_interest, establishment"
Barrett Distribution Center/ Prime Line Products,Industrial & Logistics,"13991 U.S. 80, Forney",32.7680988,-96.4902642,1.53,NW,NW - 1.53 mi,4,Google Places,"storage, point_of_interest, establishment"
GameStop,Technology & Innovation,"351 Farm to Market 548 #104, Forney",32.7444768,-96.4484408,1.53,ESE,ESE - 1.53 mi,3.8,Google Places,"electronics_store, store, point_of_interest, establishment"
Costco Gas Station,Gas & Convenience,"150 Farm to Market Road 460, Forney",32.7706154,-96.4863187,1.54,NNW,NNW - 1.54 mi,4.9,Google Places,"gas_station, point_of_interest, establishment"
Dunkin',Restaurant & QSR,"195 South Farm to Market 548 Suite 110, Forney",32.7385193,-96.4514634,1.55,SE,SE - 1.55 mi,3.5,Google Places,"cafe, meal_takeaway, bakery, store, restaurant, food, point_of_interest, establishment"
Shoppes at Forney Crossing,Retail & Big Box,"1010 Farm to Market 548, Forney",32.740515,-96.4497042,1.56,ESE,ESE - 1.56 mi,4.4,Google Places,"shopping_mall, point_of_interest, establishment"
Texas Orthodontics,Retail & Big Box,"215 South Farm to Market 548 #225, Forney",32.737737,-96.45185099999999,1.56,SE,SE - 1.56 mi,5,Google Places,"dentist, health, point_of_interest, establishment"
Trinity Valley Oral Surgery & Dental Implant Center,Healthcare,"215 South Farm to Market 548 # C, Forney",32.7376547,-96.4518738,1.56,SE,SE - 1.56 mi,5,Google Places,"doctor, dentist, health, point_of_interest, establishment"
"Palio's Pizza Cafe, Forney",Restaurant & QSR,"51 North Farm to Market 548 #211, Forney",32.7406731,-96.44968550000002,1.56,ESE,ESE - 1.56 mi,3.9,Google Places,"meal_takeaway, meal_delivery, restaurant, food, point_of_interest, establishment"
Jack's Quick Stop,Gas & Convenience,"231 South Farm to Market 548 A, Forney",32.7367911,-96.4528054,1.56,SE,SE - 1.56 mi,4,Google Places,"convenience_store, food, store, point_of_interest, establishment"
Bitcoin Depot - Bitcoin ATM,Financial Services,"231 South Farm to Market 548, Forney",32.736904,-96.45252599999999,1.56,SE,SE - 1.56 mi,,Google Places,"atm, finance, point_of_interest, establishment"
Deerfield Heights Community Pond,Parks & Recreation,"Deacon Drive, Forney",32.7582225,-96.4480462,1.56,ENE,ENE - 1.56 mi,4.7,Google Places,"park, point_of_interest, establishment"
Tom Thumb Pharmacy,Healthcare,"435 South Farm to Market 548, Forney",32.7317523,-96.4592339,1.57,SSE,SSE - 1.57 mi,3,Google Places,"pharmacy, drugstore, health, store, point_of_interest, establishment"
Tom Thumb,Retail & Big Box,"435 South Farm to Market 548, Forney",32.73172520000001,-96.4592017,1.58,SSE,SSE - 1.58 mi,4.1,Google Places,"grocery_or_supermarket, florist, bakery, supermarket, food, store, point_of_interest, establishment"
Walmart Photo Center,Retail & Big Box,"802 East US Highway 80, Forney",32.7435309,-96.4477546,1.58,ESE,ESE - 1.58 mi,3,Google Places,"electronics_store, home_goods_store, store, point_of_interest, establishment"
Walmart Garden Center,Retail & Big Box,"802 East US Highway 80, Forney",32.7437753,-96.4476443,1.58,ESE,ESE - 1.58 mi,3.8,Google Places,"furniture_store, home_goods_store, general_contractor, store, point_of_interest, establishment"
Walmart Vision & Glasses,Retail & Big Box,"802 East US Highway 80, Forney",32.7435309,-96.4477546,1.58,ESE,ESE - 1.58 mi,4.1,Google Places,"health, store, point_of_interest, establishment"
Walmart Business Center,Technology & Innovation,"802 East US Highway 80, Forney",32.7435309,-96.4477546,1.58,ESE,ESE - 1.58 mi,,Google Places,"electronics_store, furniture_store, home_goods_store, store, point_of_interest, establishment"
SNOWFOX Sushi @Tom Thumb,Restaurant & QSR,"435 Farm to Market 548, Forney",32.7316902,-96.45920509999999,1.58,SSE,SSE - 1.58 mi,5,Google Places,"meal_takeaway, restaurant, food, point_of_interest, establishment"
Solo Crust By Kay,Restaurant & QSR,"802 East US Highway 80, Forney",32.7435309,-96.4477546,1.58,ESE,ESE - 1.58 mi,,Google Places,"bakery, food, store, point_of_interest, establishment"
Chevron,Gas & Convenience,"FM 548 and FM 1641, Forney",32.7366411,-96.4524392,1.58,SE,SE - 1.58 mi,4.3,Google Places,"gas_station, convenience_store, car_repair, car_dealer, store, food, point_of_interest, establishment"
Coinstar Kiosk,Financial Services,"435 Farm to Market 548, Forney",32.7316902,-96.45920509999999,1.58,SSE,SSE - 1.58 mi,,Google Places,"atm, finance, point_of_interest, store, establishment"
FM 1641,Transportation & Infrastructure,4 businesses on this road within radius,32.7511104,-96.4734864,1.58,N/A,~1.58 mi (nearest business on road),,Derived from Google Places addresses,Farm to Market Road
FM 548,Transportation & Infrastructure,1 business on this road within radius,32.7511104,-96.4734864,1.58,N/A,~1.58 mi (nearest business on road),,Derived from Google Places addresses,Farm to Market Road
Walmart Auto Care Center,Retail & Big Box,"802 East US Highway 80, Forney",32.74352510000001,-96.44774199999999,1.59,ESE,ESE - 1.59 mi,2.5,Google Places,"car_repair, store, point_of_interest, establishment"
Starbucks,Restaurant & QSR,"435 Farm to Market 548, Forney",32.7317566,-96.45871969999999,1.59,SSE,SSE - 1.59 mi,2.3,Google Places,"cafe, store, food, point_of_interest, establishment"
Murphy USA,Gas & Convenience,"802-A East US Highway 80, Forney",32.7434632,-96.44773850000001,1.59,ESE,ESE - 1.59 mi,3.7,Google Places,"gas_station, convenience_store, store, food, point_of_interest, establishment"
First State Bank,Financial Services,"119 South Farm to Market 548, Forney",32.739577,-96.4497513,1.59,ESE,ESE - 1.59 mi,4.7,Google Places,"bank, finance, point_of_interest, establishment"
Forney Municipal Court,Government & Civic,"331 South Farm to Market 548, Forney",32.7338219,-96.4549569,1.61,SE,SE - 1.61 mi,1.7,Google Places,"courthouse, point_of_interest, establishment"
AMC CLASSIC Forney 12,Sports & Entertainment,"600 North Farm to Market 548, Forney",32.7481682,-96.4458781,1.62,E,E - 1.62 mi,3.8,Google Places,"movie_theater, point_of_interest, establishment"
Chili's Grill & Bar,Restaurant & QSR,"824 U.S. 80, Forney",32.74314599999999,-96.447274,1.62,ESE,ESE - 1.62 mi,3.9,Google Places,"restaurant, bar, food, point_of_interest, establishment"
Crumbl,Restaurant & QSR,"823 Farm to Market 548 Ste 120 Suite 120, Forney",32.7504921,-96.44549149999999,1.63,E,E - 1.63 mi,4.7,Google Places,"bakery, food, store, point_of_interest, establishment"
Buttermilk Sky Pie Shop,Restaurant & QSR,"845 Farm to Market 548 Suite 100, Forney",32.7506063,-96.4452194,1.64,E,E - 1.64 mi,4.7,Google Places,"bakery, food, store, point_of_interest, establishment"
Tom Thumb Express,Gas & Convenience,"425 South Farm to Market 548, Forney",32.7315009,-96.4575686,1.64,SE,SE - 1.64 mi,4.6,Google Places,"gas_station, store, point_of_interest, establishment"
Park Trails Greenspace,Parks & Recreation,Forney,32.7595241,-96.4471732,1.64,ENE,ENE - 1.64 mi,4,Google Places,"park, point_of_interest, establishment"
More donuts,Restaurant & QSR,"845 fm n 548, 845 Farm to Market 548 #120, Forney",32.7507027,-96.4451703,1.65,E,E - 1.65 mi,4.3,Google Places,"bakery, food, store, point_of_interest, establishment"
Walmart Supercenter,Retail & Big Box,"802 East US Highway 80, Forney",32.7453133,-96.4458482,1.66,ESE,ESE - 1.66 mi,3.9,Google Places,"department_store, hardware_store, furniture_store, home_goods_store, grocery_or_supermarket, clothing_store, electronics_store, bakery, food, point_of_interest, store, establishment"
Rush My Passport,Government & Civic,"Walmart Store #5191 inside FedEx Office, 802 East US Highway 80, Forney",32.7453133,-96.4458482,1.66,ESE,ESE - 1.66 mi,,Google Places,"local_government_office, point_of_interest, establishment"
RaceTrac,Restaurant & QSR,"30 North Farm to Market 548, Forney",32.7400222,-96.4481452,1.66,ESE,ESE - 1.66 mi,3.4,Google Places,"gas_station, liquor_store, convenience_store, meal_takeaway, cafe, store, restaurant, food, point_of_interest, establishment"
Fieldcrest Community Park,Parks & Recreation,"1015 Old Oaks Drive, Heartland",32.7726238,-96.4861711,1.66,NNW,NNW - 1.66 mi,,Google Places,"park, point_of_interest, establishment"
Walmart Pharmacy,Healthcare,"802 East US Highway 80, Forney",32.745289,-96.4456743,1.67,ESE,ESE - 1.67 mi,2.6,Google Places,"pharmacy, health, store, point_of_interest, establishment"
Subway,Restaurant & QSR,"802 U.S. 80, Forney",32.7452651,-96.4456453,1.67,ESE,ESE - 1.67 mi,3.6,Google Places,"meal_takeaway, restaurant, food, point_of_interest, establishment"
Walmart Bakery,Restaurant & QSR,"802 East US Highway 80, Forney",32.7450767,-96.4455742,1.67,ESE,ESE - 1.67 mi,4,Google Places,"bakery, food, store, point_of_interest, establishment"
First Convenience Bank,Financial Services,"802 U.S. 80, Forney",32.7450656,-96.44573969999999,1.67,ESE,ESE - 1.67 mi,4.6,Google Places,"bank, atm, finance, point_of_interest, establishment"
PNC Bank,Financial Services,"1134 Farm to Market Road 741, Forney",32.7301973,-96.4591561,1.67,SSE,SSE - 1.67 mi,4.7,Google Places,"bank, atm, finance, point_of_interest, establishment"
SmartStyle,Retail & Big Box,"802 East US Highway 80, Forney",32.74515399999999,-96.4455009,1.68,ESE,ESE - 1.68 mi,3.7,Google Places,"hair_care, beauty_salon, health, point_of_interest, establishment"
Mattress Firm Forney,Retail & Big Box,"862 East US Highway 80, Forney",32.7427498,-96.4461836,1.69,ESE,ESE - 1.69 mi,4.9,Google Places,"furniture_store, home_goods_store, store, point_of_interest, establishment"
ALDI,Retail & Big Box,"895 North Farm to Market 548, Forney",32.75136000000001,-96.44422999999999,1.7,E,E - 1.7 mi,4.5,Google Places,"supermarket, grocery_or_supermarket, food, store, point_of_interest, establishment"
The Hole Thing Donuts,Restaurant & QSR,"571 Farm to Market 548 #128, Forney",32.7293413,-96.4598776,1.7,SSE,SSE - 1.7 mi,4.4,Google Places,"bakery, restaurant, food, store, point_of_interest, establishment"
Marco's Pizza,Restaurant & QSR,"571 Farm to Market 548 Suite 118, Forney",32.7290882,-96.46018289999999,1.71,SSE,SSE - 1.71 mi,4,Google Places,"meal_takeaway, meal_delivery, restaurant, food, point_of_interest, establishment"
Dutch Bros Coffee,Restaurant & QSR,"870 North Farm to Market 548, Forney",32.75055,-96.44378999999999,1.73,E,E - 1.73 mi,4.5,Google Places,"cafe, store, food, point_of_interest, establishment"
Queen Donuts,Restaurant & QSR,"476 Farm to Market 548 Suite 150, Forney",32.729998,-96.45754459999999,1.73,SSE,SSE - 1.73 mi,4.2,Google Places,"bakery, food, store, point_of_interest, establishment"
Nothing Bundt Cakes,Restaurant & QSR,"476 Farm to Market 548 Suite 170, Forney",32.7298299,-96.4578635,1.73,SSE,SSE - 1.73 mi,4.2,Google Places,"bakery, food, store, point_of_interest, establishment"
7-Eleven Fuel,Gas & Convenience,"490 Farm to Market 548, Forney",32.729478,-96.458252,1.74,SSE,SSE - 1.74 mi,,Google Places,"gas_station, point_of_interest, establishment"
7-Eleven,Restaurant & QSR,"490 Farm to Market 548, Forney",32.72935309999999,-96.4581273,1.75,SSE,SSE - 1.75 mi,3,Google Places,"convenience_store, liquor_store, cafe, restaurant, food, store, point_of_interest, establishment"
Texas Bank and Trust,Financial Services,"648 Ridgecrest Road, Forney",32.7521344,-96.4432916,1.76,E,E - 1.76 mi,4.2,Google Places,"bank, finance, point_of_interest, establishment"
Innovation Ridge Logistics Park Building 3,Industrial & Logistics,"721 Ridgecrest Road, Forney",32.74957569999999,-96.442916,1.78,E,E - 1.78 mi,,Google Places,"storage, point_of_interest, establishment"
Pizza Hut,Restaurant & QSR,"924 U.S. 80, Forney",32.742472,-96.4446428,1.78,ESE,ESE - 1.78 mi,4.1,Google Places,"meal_takeaway, meal_delivery, restaurant, food, point_of_interest, establishment"
Panda Express,Retail & Big Box,"950 East US Highway 80, Forney",32.7422846,-96.4443211,1.8,ESE,ESE - 1.8 mi,3.5,Google Places,"meal_takeaway, meal_delivery, restaurant, food, point_of_interest, establishment"
Lowe's Home Improvement,Retail & Big Box,"902 East US Highway 80, Forney",32.743842,-96.443371,1.82,ESE,ESE - 1.82 mi,4.1,Google Places,"hardware_store, furniture_store, home_goods_store, store, point_of_interest, establishment"
Steve Silver Company,Retail & Big Box,"1000 Farm to Market 548, Forney",32.7513577,-96.44219869999999,1.82,E,E - 1.82 mi,3.6,Google Places,"furniture_store, home_goods_store, store, point_of_interest, establishment"
Innovation Ridge Logistics Park Building 3,Industrial & Logistics,"733 Ridgecrest Road, Forney",32.7497807,-96.44217119999999,1.82,E,E - 1.82 mi,,Google Places,"storage, point_of_interest, establishment"
Whataburger,Restaurant & QSR,"962 U.S. 80, Forney",32.7422564,-96.44386159999999,1.83,ESE,ESE - 1.83 mi,3.5,Google Places,"meal_takeaway, restaurant, food, point_of_interest, establishment"
AutoZone Auto Parts,Retail & Big Box,"972 East US Highway 80, Forney",32.74229869999999,-96.44342900000001,1.85,ESE,ESE - 1.85 mi,4.3,Google Places,"car_repair, store, point_of_interest, establishment"
Ridge Road Shopping Center,Retail & Big Box,"680 Innovation Boulevard, Forney",32.774987,-96.45875629999999,1.86,NNE,NNE - 1.86 mi,4.4,Google Places,"shopping_mall, point_of_interest, establishment"
Bunzl distribution,Industrial & Logistics,"733 Ridgecrest Road, Forney",32.7463614,-96.4418796,1.87,E,E - 1.87 mi,1,Google Places,"storage, point_of_interest, establishment"
White Rhino Coffee,Restaurant & QSR,"680 Innovation Boulevard #1221, Forney",32.775228,-96.4584651,1.88,NNE,NNE - 1.88 mi,4,Google Places,"cafe, store, restaurant, food, point_of_interest, establishment"
O'Reilly Auto Parts,Technology & Innovation,"982 East US Highway 80, Forney",32.74217550000001,-96.44281,1.89,ESE,ESE - 1.89 mi,4.3,Google Places,"electronics_store, car_repair, store, point_of_interest, establishment"
Tellus Self Storage - Forney Commercial & Recreational,Industrial & Logistics,"140 Don T-Cates, Forney",32.752814,-96.44091700000001,1.9,E,E - 1.9 mi,5,Google Places,"storage, point_of_interest, establishment"
Johnnie Wine Convenience Store,Gas & Convenience,"11511 Walnut Lane Suite 130, Forney",32.7235472,-96.4729326,1.9,S,S - 1.9 mi,5,Google Places,"convenience_store, food, store, point_of_interest, establishment"
Opportunity Central,School & University,"680 Innovation Boulevard, Forney",32.7754856,-96.45813389999999,1.91,NNE,NNE - 1.91 mi,,Google Places,"secondary_school, university, school, point_of_interest, establishment"
Crosby Elementary School,School & University,"495 Diamond Creek Drive, Forney",32.75942990000001,-96.4419631,1.92,ENE,ENE - 1.92 mi,,Google Places,"primary_school, school, point_of_interest, establishment"
Tellus Self Storage - Forney,Industrial & Logistics,"1002 Farm to Market 548, Forney",32.753588,-96.43986199999999,1.96,E,E - 1.96 mi,4.7,Google Places,"moving_company, storage, point_of_interest, establishment"
Exxon,Gas & Convenience,United States,32.7538866,-96.4393441,1.99,E,E - 1.99 mi,4,Google Places,"gas_station, point_of_interest, establishment"
7-Eleven Fuel,Gas & Convenience,"15401 Farm to Market 460, Forney",32.7798062,-96.4772572,1.99,N,N - 1.99 mi,5,Google Places,"gas_station, point_of_interest, establishment"
Forney Fuel,Gas & Convenience,"1150 Farm to Market 548, Forney",32.7538405,-96.4392934,2.0,E,E - 2.0 mi,3.8,Google Places,"gas_station, point_of_interest, establishment"
7-Eleven,Gas & Convenience,"15401 Farm to Market 460, Forney",32.7798291,-96.4772662,2.0,N,N - 2.0 mi,3.1,Google Places,"convenience_store, food, store, point_of_interest, establishment"
Forney City Bank Stadium,Retail & Big Box,"800 Farm to Market Road 741, Forney",32.72391379999999,-96.458835,2.06,SSE,SSE - 2.06 mi,4.4,Google Places,"stadium, point_of_interest, establishment"
The Junction Coffee,Restaurant & QSR,"18222 Farm to Market Road 740, Forney",32.7809404,-96.4753973,2.06,N,N - 2.06 mi,4.3,Google Places,"cafe, store, food, point_of_interest, establishment"
Forney High School,Retail & Big Box,"1800 College Avenue, Forney",32.72430360000001,-96.4573128,2.08,SSE,SSE - 2.08 mi,,Google Places,"secondary_school, school, point_of_interest, establishment"
Innovation Ridge Logistics Park Building 1,Industrial & Logistics,"755 Ridgecrest Road, Forney",32.7457842,-96.4376084,2.12,E,E - 2.12 mi,1,Google Places,"storage, point_of_interest, establishment"
Trinity Crossing community pool,Parks & Recreation,"2000 Apollo Drive, Forney",32.781468,-96.478443,2.12,N,N - 2.12 mi,,Google Places,"park, point_of_interest, establishment"
Noah Xpress LLC,Industrial & Logistics,"514 Tuscany Drive, Forney",32.76033979999999,-96.4384566,2.13,ENE,ENE - 2.13 mi,,Google Places,"moving_company, point_of_interest, establishment"
7-Eleven Fuel,Gas & Convenience,"1340 Farm to Market 548, Forney",32.7561515,-96.43704,2.15,E,E - 2.15 mi,2.3,Google Places,"gas_station, point_of_interest, establishment"
Roll of Fabrics,Retail & Big Box,"12240 Currency Circle, Forney",32.73644000000001,-96.44039199999999,2.17,ESE,ESE - 2.17 mi,1,Google Places,"home_goods_store, store, point_of_interest, establishment"
7-Eleven,Gas & Convenience,"1340 Farm to Market 548, Forney",32.75616529999999,-96.43669779999999,2.17,E,E - 2.17 mi,2.6,Google Places,"convenience_store, food, store, point_of_interest, establishment"
"DavCor Services, LLC",Industrial & Logistics,"12240 Currency Circle, Forney",32.7364183,-96.440313,2.18,ESE,ESE - 2.18 mi,4.5,Google Places,"storage, store, point_of_interest, establishment"
Tileofluxury,Retail & Big Box,"10478 U.S. 80, Forney",32.7418916,-96.4373,2.2,ESE,ESE - 2.2 mi,5,Google Places,"home_goods_store, store, point_of_interest, establishment"
Antiques and vintage Dallas,Retail & Big Box,"10486 West US Highway 80, Forney",32.7419146,-96.43669659999999,2.23,ESE,ESE - 2.23 mi,2.5,Google Places,"home_goods_store, store, car_repair, point_of_interest, establishment"
The Sip Society,Restaurant & QSR,"11102 Walnut Lane, Forney",32.7189602,-96.47699829999999,2.23,S,S - 2.23 mi,5,Google Places,"cafe, store, food, point_of_interest, establishment"
Antiques & Vintage Texas,Retail & Big Box,"10470 West US Highway 80, Forney",32.7419204,-96.4363147,2.25,ESE,ESE - 2.25 mi,4.2,Google Places,"home_goods_store, finance, store, point_of_interest, establishment"
Regal Designer Delivery L.L.C.,Industrial & Logistics,"11828 North Profit Row, Forney",32.73203170000001,-96.4402393,2.34,SE,SE - 2.34 mi,4.3,Google Places,"moving_company, storage, point_of_interest, establishment"
Just My Cup of Tea,Restaurant & QSR,"10380 West US Highway 80, Forney",32.7418935,-96.43439099999999,2.36,ESE,ESE - 2.36 mi,2.6,Google Places,"cafe, food, point_of_interest, establishment"
Sunbelt Self Storage,Industrial & Logistics,"13975 Farm to Market 548, Forney",32.7596373,-96.4336619,2.39,ENE,ENE - 2.39 mi,4.9,Google Places,"storage, point_of_interest, establishment"
Forney Fire Station 2,Government & Civic,"980 Reeder Lane, Forney",32.7573723,-96.43284729999999,2.4,E,E - 2.4 mi,5,Google Places,"fire_station, point_of_interest, establishment"
Green Office Solutions,Retail & Big Box,"13038 South Profit Row, Forney",32.733973,-96.43743309999999,2.41,ESE,ESE - 2.41 mi,4.7,Google Places,"moving_company, furniture_store, home_goods_store, finance, store, point_of_interest, establishment"
Gateway Gas Station,Gas & Convenience,"13975 Farm to Market 548, Forney",32.7588636,-96.4331318,2.41,ENE,ENE - 2.41 mi,3.6,Google Places,"gas_station, point_of_interest, establishment"
Donut Supreme,Restaurant & QSR,"13980 Farm to Market 548, Forney",32.7592042,-96.43264160000001,2.44,ENE,ENE - 2.44 mi,4.8,Google Places,"bakery, food, store, point_of_interest, establishment"
Johnson Elementary School,School & University,"10835 Walnut Lane, Forney",32.7163428,-96.48213810000001,2.45,SSW,SSW - 2.45 mi,,Google Places,"primary_school, school, point_of_interest, establishment"
Kaufman-Van Zandt-Rockwall Soil and Water Conservation District #505,Government & Civic,"8620 Farm to Market Road 741, Forney",32.7219837,-96.4494658,2.45,SE,SE - 2.45 mi,,Google Places,"local_government_office, point_of_interest, establishment"
Little Red's Antiques,Retail & Big Box,"10274 West US Highway 80, Forney",32.7416954,-96.4325942,2.46,ESE,ESE - 2.46 mi,4.4,Google Places,"furniture_store, home_goods_store, general_contractor, store, point_of_interest, establishment"
Ascribe Rx,Healthcare,"13020 Farm to Market Road 1641, Heath",32.7316616,-96.43734010000001,2.49,ESE,ESE - 2.49 mi,,Google Places,"pharmacy, health, store, point_of_interest, establishment"
Storage 365,Industrial & Logistics,"18721 Farm to Market Road 740, Forney",32.7871991,-96.4775777,2.5,N,N - 2.5 mi,5,Google Places,"storage, point_of_interest, establishment"
Grayhawk Neighborhood Park & Pool,Parks & Recreation,"Flamingo Road, Forney",32.7146566,-96.4760666,2.52,S,S - 2.52 mi,4.5,Google Places,"park, point_of_interest, establishment"
Delphi Cabinet Designs,Retail & Big Box,"12950 Farm to Market Road 1641, Forney",32.7315797,-96.4353356,2.6,ESE,ESE - 2.6 mi,,Google Places,"furniture_store, home_goods_store, store, point_of_interest, establishment"
Texas Health Hospital Forney,Healthcare,"12800 Reeder Road, Forney",32.7430729,-96.428185,2.69,ESE,ESE - 2.69 mi,5,Google Places,"hospital, health, point_of_interest, establishment"
Forney Fire Station #3,Government & Civic,"12487 Windy Lane, Forney",32.7184293,-96.4464849,2.75,SE,SE - 2.75 mi,,Google Places,"fire_station, point_of_interest, establishment"
Travis Ranch Pavillion and Soccer Fields,Parks & Recreation,"2201 Doole Court, Forney",32.7919755,-96.4766678,2.83,N,N - 2.83 mi,,Google Places,"park, point_of_interest, establishment"
BJ's Wholesale Club,Technology & Innovation,"11150 East US Highway 80, Forney",32.7435494,-96.42484499999999,2.87,E,E - 2.87 mi,4.4,Google Places,"gas_station, bakery, liquor_store, electronics_store, grocery_or_supermarket, car_repair, food, health, store, point_of_interest, establishment"
Goat Farm Coffee House,Restaurant & QSR,"12620 Farm to Market Road 1641, Forney",32.7267418,-96.4331314,2.89,SE,SE - 2.89 mi,4.5,Google Places,"cafe, store, food, point_of_interest, establishment"
Hayes Retail Services,Industrial & Logistics,"11333 County Road 212, Forney",32.73750770000001,-96.4263522,2.9,ESE,ESE - 2.9 mi,3.8,Google Places,"storage, point_of_interest, establishment"
BJ's Gas Station,Gas & Convenience,"11160 East US Highway 80, Forney",32.741353,-96.4249045,2.9,ESE,ESE - 2.9 mi,5,Google Places,"gas_station, store, point_of_interest, establishment"
CR 212,Transportation & Infrastructure,1 business on this road within radius,32.7511104,-96.4734864,2.9,N/A,~2.9 mi (nearest business on road),,Derived from Google Places addresses,County Road
EVO Entertainment + EVX + IMAX® - Forney,Sports & Entertainment,"1065 Cypress Hollow Drive, Forney",32.74359680000001,-96.42291259999999,2.98,E,E - 2.98 mi,4.8,Google Places,"movie_theater, point_of_interest, establishment"
